chrom,pos,ref,alt,type,qual,filter,called_alleles,alt_alleles,sample_alt_frequency
chr1,783006,A,G,SNV,50.0,PASS,2,2,1.0
chr1,783175,T,C,SNV,50.0,PASS,2,2,1.0
chr1,784860,T,C,SNV,50.0,PASS,2,2,1.0
chr1,785417,G,A,SNV,50.0,PASS,2,2,1.0
chr1,797392,G,A,SNV,50.0,PASS,2,1,0.5
chr1,798618,C,T,SNV,50.0,PASS,2,2,1.0
chr1,798662,G,A,SNV,50.0,PASS,2,2,1.0
chr1,800046,G,A,SNV,50.0,PASS,2,2,1.0
chr1,801142,A,T,SNV,50.0,PASS,2,2,1.0
chr1,801143,T,C,SNV,50.0,PASS,2,2,1.0
chr1,804046,A,G,SNV,50.0,PASS,2,2,1.0
chr1,804148,G,A,SNV,50.0,PASS,2,2,1.0
chr1,805514,AC,A,indel,50.0,PASS,2,1,0.5
chr1,806199,T,C,SNV,50.0,PASS,2,2,1.0
chr1,807445,A,G,SNV,50.0,PASS,2,1,0.5
chr1,807641,T,C,SNV,50.0,PASS,2,1,0.5
chr1,807692,C,A,SNV,50.0,PASS,2,2,1.0
chr1,813498,G,T,SNV,50.0,PASS,2,2,1.0
chr1,813885,G,A,SNV,50.0,PASS,2,2,1.0
chr1,814016,T,G,SNV,50.0,PASS,2,1,0.5
