mean_fit_time,std_fit_time,mean_score_time,std_score_time,param_classifier__C,param_select__k,params,split0_test_score,split1_test_score,split2_test_score,split3_test_score,split4_test_score,mean_test_score,std_test_score,rank_test_score,split0_train_score,split1_train_score,split2_train_score,split3_train_score,split4_train_score,mean_train_score,std_train_score
0.042074966430664065,0.002792870020800381,0.020668697357177735,0.01958034410160492,0.01,25,"{'classifier__C': 0.01, 'select__k': 25}",1.0,1.0,1.0,1.0,1.0,1.0,0.0,1,1.0,1.0,1.0,1.0,1.0,1.0,0.0
0.05792193412780762,0.0194575492094869,0.011261606216430664,0.0010726998659261276,0.01,100,"{'classifier__C': 0.01, 'select__k': 100}",1.0,1.0,1.0,1.0,1.0,1.0,0.0,1,1.0,1.0,1.0,1.0,1.0,1.0,0.0
0.05169234275817871,0.01516989146585888,0.011028242111206055,0.0008001288213849309,0.01,500,"{'classifier__C': 0.01, 'select__k': 500}",1.0,1.0,0.95,1.0,1.0,0.99,0.020000000000000018,7,1.0,1.0,1.0,1.0,1.0,1.0,0.0
0.0497283935546875,0.015777136689550147,0.01886615753173828,0.015854820393863444,0.1,25,"{'classifier__C': 0.1, 'select__k': 25}",1.0,1.0,1.0,1.0,1.0,1.0,0.0,1,1.0,1.0,1.0,1.0,1.0,1.0,0.0
0.0514277458190918,0.014932606360459844,0.011610174179077148,0.0004604417129439069,0.1,100,"{'classifier__C': 0.1, 'select__k': 100}",1.0,1.0,1.0,1.0,1.0,1.0,0.0,1,1.0,1.0,1.0,1.0,1.0,1.0,0.0
0.06282033920288085,0.020525031706642397,0.011800289154052734,0.0016573730933496064,0.1,500,"{'classifier__C': 0.1, 'select__k': 500}",1.0,1.0,0.95,1.0,1.0,0.99,0.020000000000000018,7,1.0,1.0,1.0,1.0,1.0,1.0,0.0
0.0488224983215332,0.015219165828257313,0.01069941520690918,0.0015107921902111148,1.0,25,"{'classifier__C': 1.0, 'select__k': 25}",1.0,1.0,1.0,1.0,1.0,1.0,0.0,1,1.0,1.0,1.0,1.0,1.0,1.0,0.0
0.057787847518920896,0.017144043834231328,0.010578155517578125,0.0015277276015958688,1.0,100,"{'classifier__C': 1.0, 'select__k': 100}",1.0,1.0,1.0,1.0,1.0,1.0,0.0,1,1.0,1.0,1.0,1.0,1.0,1.0,0.0
0.058020591735839844,0.014610247439969574,0.011343669891357423,0.0010878113314899242,1.0,500,"{'classifier__C': 1.0, 'select__k': 500}",1.0,1.0,0.95,1.0,1.0,0.99,0.020000000000000018,7,1.0,1.0,1.0,1.0,1.0,1.0,0.0
