gene_id,baseMean,log2FoldChange,lfcSE,stat,pvalue,padj
YAL005C,5753.433622756881,0.22410522806363875,0.055464840570552086,4.040491701739837,5.33392524708509e-05,0.004480497207551475
YAR010C,6640.020879447281,0.1701279006273773,0.06252256153967842,2.7210641476902664,0.006507213280097076,0.18220197184271814
YAR009C,15838.378413304368,0.16733500618718072,0.06009794623435515,2.784371458130182,0.005363157427423732,0.18220197184271814
YAL068C,4.720589086329871,-0.5976391256008886,0.8701455344111408,-0.6868266306800423,0.4921919859611892,0.9806622162842804
YAL060W,55.79549943285394,0.0803075397380056,0.25397439420257784,0.31620329281679405,0.7518482085734797,0.9806622162842804
YAL059W,26.082446857469865,0.2206585781396538,0.3684789717313147,0.5988362839346836,0.5492820637941918,0.9806622162842804
YAL062W,5.490870529976774,0.7254363771303585,0.767815863977309,0.9448051429578134,0.3447583657519975,0.9806622162842804
YAL063C,5.163003524283732,0.18340148017336053,0.7935200331392814,0.2311239445938087,0.8172185135702337,0.9806622162842804
YAL055W,3.8268017584013427,0.47131677178075393,1.0184570943426023,0.4627752846917732,0.6435254486064972,0.9806622162842804
YAL054C,6.18396212286403,-0.5021640058267222,0.7416084757239522,-0.6771281913094558,0.4983246235895439,0.9806622162842804
YAL053W,121.37957376204554,-0.09035030181233038,0.1676302227201147,-0.5389857529640377,0.5898966851633721,0.9806622162842804
YAL051W,51.24300246978466,-0.2677312997558076,0.2624830556780743,-1.0199946014197963,0.3077310211042428,0.9806622162842804
YAL049C,40.974000204153754,-0.06646212857507788,0.2854501261549537,-0.23283271747093082,0.8158913061425401,0.9806622162842804
YAL046C,8.84939889177149,0.6950625002962745,0.6571768457847112,1.0576491012344256,0.2902154481965634,0.9806622162842804
YAL058W,22.436582131445558,-0.2008747353585154,0.37707775868861293,-0.5327143559384413,0.5942313269745284,0.9806622162842804
YAL061W,33.734434956637905,0.19985498333022225,0.5328987544707817,0.37503368445418295,0.7076354153410331,0.9806622162842804
YAL036C,68.60272188283311,-0.11222508652505636,0.2186085653512041,-0.5133608847611342,0.6076989017326548,0.9806622162842804
YAL035W,432.2877534675907,0.07910263106767308,0.10943716263016001,0.7228132488686528,0.46979462647846393,0.9806622162842804
YAL043C,61.38814583446911,-0.08728597890434674,0.2305123062188298,-0.37866082004960067,0.7049397515036567,0.9806622162842804
YAL042W,139.69897378169776,-0.10902221086817829,0.1638255678111152,-0.6654773874727347,0.5057452019422471,0.9806622162842804
YAL041W,68.0913345547622,0.2615056261572861,0.22039321981471421,1.1865411575598166,0.23540865785151355,0.9806622162842804
YAL040C,47.94753457263519,0.2528833448470299,0.2979839933656952,0.848647412200707,0.3960775163982134,0.9806622162842804
YAL039C,15.517443003071607,-0.6118612018311894,0.45917105773516576,-1.3325343388347664,0.18268466537183858,0.9806622162842804
YAL038W,6139.654974307759,-0.03315468352985057,0.049294215525555934,-0.6725877098634822,0.501209622737539,0.9806622162842804
YAL031C,33.98941197766698,-0.2744850845070072,0.3221955738575874,-0.8519207176580628,0.3942580971682892,0.9806622162842804
YAL034C,18.693258013405433,-0.14961387567076437,0.4334315606528045,-0.3451845441190908,0.7299556375029506,0.9806622162842804
YAL033W,13.471593125517808,0.17824685884099112,0.49653027104272884,0.35898487813576246,0.7196064018217134,0.9806622162842804
YAL025C,28.010306404848183,-0.17097166493625288,0.33750238937259314,-0.5065791245332636,0.6124501587366638,0.9806622162842804
YAL029C,170.98122706479967,0.04019194137933362,0.14270950770877075,0.28163464386236875,0.7782236730662635,0.9806622162842804
YAL028W,9.717497832050382,0.5507110730687016,0.6005461685009206,0.9170170454061559,0.35913370815130885,0.9806622162842804
YAL044C,70.28454743544337,-0.17446349220544116,0.23678941879165902,-0.7367875350838383,0.4612515645757028,0.9806622162842804
YAL056W,57.17714587468634,0.18434308146489456,0.23549755520957646,0.7827812959707459,0.43375555297816315,0.9806622162842804
YAL007C,82.473702634532,-0.3035215769127972,0.19815016366591948,-1.5317755549500003,0.12557783031730235,0.9806622162842804
YAL003W,895.4853615830821,-0.130735747870845,0.07623275989772114,-1.7149549359914114,0.0863534893585049,0.9806622162842804
snR18,3.750546142650126,-0.2780476368685752,0.9583359157272932,-0.29013588273748603,0.7717122853967687,0.9806622162842804
YAL002W,35.973522977206166,0.10202034221309299,0.29836323522733776,0.3419333556138665,0.7324010467895614,0.9806622162842804
YAR003W,19.016458681551914,0.2825536666062369,0.4202605015440313,0.6723298182154608,0.5013737509292018,0.9806622162842804
YAL020C,11.432865939144131,0.6614872526583375,0.5523187688722722,1.1976548506743057,0.23105141296560505,0.9806622162842804
YAL021C,110.19581081207578,0.2759075752225773,0.17687745219760165,1.559879859160016,0.11878827488356096,0.9806622162842804
YAL027W,9.162382228845713,-0.5235416306528555,0.6065301498225355,-0.8631749481967853,0.38804128530077675,0.9806622162842804
YAL016W,151.23072292861002,-0.06854324827276174,0.15272554845431474,-0.4488001448773012,0.6535758342208355,0.9806622162842804
YAL017W,107.32791396395821,0.13712837602692138,0.1854162090881842,0.739570594724558,0.45956058964066615,0.9806622162842804
YAL019W,107.19250063748716,-0.042616542036763155,0.17532776797292615,-0.24306784104696944,0.8079528433401109,0.9806622162842804
YAL010C,19.02512382066648,0.37867780744920415,0.41498841780434903,0.9125021113908198,0.36150445857099767,0.9806622162842804
YAL013W,14.615818775923666,-0.5983995187202323,0.4701433340738664,-1.272802303788944,0.20308820348483425,0.9806622162842804
YAL012W,279.8054151097573,0.049103633154866745,0.11908232941443019,0.4123502907301749,0.6800826924632701,0.9806622162842804
YAL014C,21.45989849569259,0.19234517682751875,0.38270381850684243,0.5025953949923282,0.6152487675860514,0.9806622162842804
YAL023C,320.47917841412215,0.0507576060061674,0.11980166404326292,0.4236803087128886,0.6717989777879683,0.9806622162842804
YAR002C-A,88.31464200989141,0.140936973743238,0.19761309692209633,0.7131965236028796,0.47572415717862204,0.9806622162842804
YAL009W,14.982340722774993,0.35865602056401863,0.5129642976357108,0.6991832028409967,0.48443754649433124,0.9806622162842804
YAL008W,17.32558369846154,-0.37590038347189225,0.4329878098271877,-0.8681546568757214,0.3853096730461294,0.9806622162842804
YAL011W,16.30010321662554,-0.5270672055461821,0.44497212496230765,-1.1844948840128549,0.23621722025901648,0.9806622162842804
YAR029W,2.4844557365745956,0.2837643598380013,1.1597762318016291,0.24467164618229306,0.8067106839161043,0.9806622162842804
YAR028W,24.61397009122255,-0.488064341828745,0.38546503269176374,-1.266170211135661,0.2054521500072819,0.9806622162842804
YAR027W,41.95849451719725,-0.32885213621894377,0.2809260989174812,-1.1706001595655955,0.24175953316811172,0.9806622162842804
YAR023C,2.9971297035909856,0.7505951318154791,1.1010741355688298,0.6816935459370421,0.495432749370451,0.9806622162842804
YAR019C,30.17960361773393,-0.30892642445991586,0.33540529752751713,-0.9210541000312348,0.35702218254419515,0.9806622162842804
YAR018C,16.23693585339168,0.3979084160547545,0.4428547442998493,0.8985077413675343,0.36891491993491954,0.9806622162842804
YAR015W,76.19515731440802,-0.3593212779013453,0.222355311809324,-1.6159779362926734,0.10609908360682609,0.9806622162842804
YAR014C,69.82611671083409,-0.27160683272536823,0.22244506063710154,-1.2210063552207597,0.2220836135619687,0.9806622162842804
YAR007C,60.650154241095656,-0.05664500194046058,0.23376522814272982,-0.2423157729252825,0.8085354928814283,0.9806622162842804
YAR008W,11.179317308151417,-0.4130105091220426,0.5416919796763529,-0.762445309544376,0.44579427260661886,0.9806622162842804
YAL030W,21.560744663521998,0.129240557313029,0.38857998443728375,0.3325970520591449,0.7394384689207949,0.9806622162842804
YAL044W-A,13.90791621776741,0.16829318147426425,0.5098283394616031,0.330097737705181,0.7413261125674881,0.9806622162842804
YAR068W,11.948623505649905,-0.24903363673162743,0.5200377999696203,-0.47887602929282364,0.6320268247888241,0.9806622162842804
YAR060C,2.497796196458437,0.285336625438769,1.1244980202982942,0.2537457783723604,0.799691965162806,0.9806622162842804
YAR042W,104.39774290421678,0.15902153417186782,0.18006392784440356,0.8831393165502929,0.37716100379445694,0.9806622162842804
YAR050W,6.41514469636526,0.17658462484239837,0.7009416037757544,0.25192487347190107,0.8010991332593488,0.9806622162842804
YAR031W,15.330188776646699,-0.4451925355792648,0.48317897846490576,-0.9213822525840702,0.3568508912156043,0.9806622162842804
YAR033W,10.648008545932184,-0.29629267839634943,0.5783240955618809,-0.5123298176059586,0.6084202002294248,0.9806622162842804
YAL026C,141.903658010865,0.034702062527933536,0.16207808251233552,0.2141070648790062,0.830463566568792,0.9825202759405427
YAR066W,6.447708252036005,-0.12568126428077084,0.6902232887828175,-0.1820878349416534,0.8555137954496961,0.9844268331201982
YAL034W-A,7.509169316094115,-0.13201343555772027,0.687210642104864,-0.19210039465246792,0.8476635657808254,0.9844268331201982
YAR002W,59.059952304411155,0.03784338112098703,0.24041810546737818,0.15740653578239727,0.8749244628581668,0.9931574983795407
YAL047C,19.66021818392233,-0.019910115759504802,0.40338058044438047,-0.04935814147912378,0.9606338857385205,0.9948803747756029
YAL015C,12.222408320516655,0.01993555364144371,0.5052443199515388,0.039457254350441485,0.9685258330441366,0.9948803747756029
YAL024C,47.07339743623363,0.029053790230438716,0.25923113467560155,0.11207677760928003,0.9107625301824533,0.9948803747756029
YAL048C,20.945034921863936,-0.01314662311283502,0.38289431972544213,-0.03433486065361828,0.9726101264673417,0.9948803747756029
YAL037W,6.136842082128404,0.01462299541019778,0.7142357627325826,0.02047362533941441,0.9836655515959682,0.9948803747756029
YAL032C,16.75989247269194,0.04887069080255978,0.4377861608947802,0.11163142001262488,0.911115658154025,0.9948803747756029
YAL001C,55.91643558474457,-0.010508352486626857,0.24829508023871777,-0.04232203262555116,0.9662419815244575,0.9948803747756029
YAL026C-A,5.117000557615054,0.0050890828597886725,0.7931191447618059,0.006416542701559745,0.9948803747756029,0.9948803747756029
YAL022C,37.76845506380274,0.013294869222810165,0.28805237077955026,0.0461543475126781,0.963187229076235,0.9948803747756029
YAR035W,3.446286170359268,-0.026982743726404076,0.9641751186104562,-0.02798531429154788,0.9776738640579874,0.9948803747756029
