gene_id	symbol	sgd_id	go_id	term_name
YAL059W	ECM1	S000000055	GO:0000054	ribosomal subunit export from nucleus
YAR019C	CDC15	S000000072	GO:0000910	cytokinesis
YAL056W	GPB2	S000000052	GO:0001403	invasive growth in response to glucose limitation
YAL005C	SSA1	S000000004	GO:0002181	cytoplasmic translation
YAL036C	RBG1	S000000034	GO:0002181	cytoplasmic translation
YAL038W	CDC19	S000000036	GO:0005975	carbohydrate metabolic process
YAL038W	CDC19	S000000036	GO:0006091	generation of precursor metabolites and energy
YAL054C	ACS1	S000000050	GO:0006091	generation of precursor metabolites and energy
YAL060W	BDH1	S000000056	GO:0006091	generation of precursor metabolites and energy
YAL015C	NTG1	S000000013	GO:0006259	DNA metabolic process
YAL019W	FUN30	S000000017	GO:0006259	DNA metabolic process
YAL021C	CCR4	S000000019	GO:0006259	DNA metabolic process
YAL027W	SAW1	S000000025	GO:0006259	DNA metabolic process
YAR002W	NUP60	S000000063	GO:0006259	DNA metabolic process
YAR003W	SWD1	S000000064	GO:0006259	DNA metabolic process
YAR007C	RFA1	S000000065	GO:0006259	DNA metabolic process
YAL021C	CCR4	S000000019	GO:0006260	DNA replication
YAR007C	RFA1	S000000065	GO:0006260	DNA replication
YAL015C	NTG1	S000000013	GO:0006281	DNA repair
YAL019W	FUN30	S000000017	GO:0006281	DNA repair
YAR002W	NUP60	S000000063	GO:0006281	DNA repair
YAR007C	RFA1	S000000065	GO:0006281	DNA repair
YAR007C	RFA1	S000000065	GO:0006310	DNA recombination
YAL011W	SWC3	S000000009	GO:0006325	chromatin organization
YAL019W	FUN30	S000000017	GO:0006325	chromatin organization
YAR002W	NUP60	S000000063	GO:0006325	chromatin organization
YAR003W	SWD1	S000000064	GO:0006325	chromatin organization
YAL001C	TFC3	S000000001	GO:0006351	DNA-templated transcription
YAL043C	PTA1	S000000041	GO:0006353	DNA-templated transcription termination
YAL021C	CCR4	S000000019	GO:0006354	DNA-templated transcription elongation
YAL025C	MAK16	S000000023	GO:0006364	rRNA processing
YAL033W	POP5	S000000031	GO:0006364	rRNA processing
YAL035W	FUN12	S000000033	GO:0006364	rRNA processing
YAL001C	TFC3	S000000001	GO:0006383	transcription by RNA polymerase III
YAL020C	ATS1	S000000018	GO:0006399	tRNA metabolic process
YAL033W	POP5	S000000031	GO:0006399	tRNA metabolic process
YAL043C	PTA1	S000000041	GO:0006399	tRNA metabolic process
YAL021C	CCR4	S000000019	GO:0006401	RNA catabolic process
YAL033W	POP5	S000000031	GO:0006401	RNA catabolic process
YAL005C	SSA1	S000000004	GO:0006412	translation
YAL036C	RBG1	S000000034	GO:0006412	translation
YAL003W	EFB1	S000000003	GO:0006414	translational elongation
YAL003W	EFB1	S000000003	GO:0006417	regulation of translation
YAL016W	TPD3	S000000014	GO:0006417	regulation of translation
YAL035W	FUN12	S000000033	GO:0006417	regulation of translation
YAL005C	SSA1	S000000004	GO:0006457	protein folding
YAL053W	FLC2	S000000049	GO:0006457	protein folding
YAL058W	CNE1	S000000054	GO:0006457	protein folding
YAL012W	CYS3	S000000010	GO:0006520	amino acid metabolic process
YAL044C	GCV3	S000000042	GO:0006520	amino acid metabolic process
YAL062W	GDH3	S000000058	GO:0006520	amino acid metabolic process
YAL002W	VPS8	S000000002	GO:0006605	protein targeting
YAL053W	FLC2	S000000049	GO:0006629	lipid metabolic process
YAL012W	CYS3	S000000010	GO:0006790	sulfur compound metabolic process
YAL054C	ACS1	S000000050	GO:0006790	sulfur compound metabolic process
YAL002W	VPS8	S000000002	GO:0006810	transport
YAL005C	SSA1	S000000004	GO:0006810	transport
YAL007C	ERP2	S000000005	GO:0006810	transport
YAL010C	MDM10	S000000008	GO:0006810	transport
YAL014C	SYN8	S000000012	GO:0006810	transport
YAL022C	FUN26	S000000020	GO:0006810	transport
YAL024C	LTE1	S000000022	GO:0006810	transport
YAL026C	DRS2	S000000024	GO:0006810	transport
YAL028W	FRT2	S000000026	GO:0006810	transport
YAL030W	SNC1	S000000028	GO:0006810	transport
YAL042W	ERV46	S000000040	GO:0006810	transport
YAL048C	GEM1	S000000046	GO:0006810	transport
YAL053W	FLC2	S000000049	GO:0006810	transport
YAL059W	ECM1	S000000055	GO:0006810	transport
YAL067C	SEO1	S000000062	GO:0006810	transport
YAR002C-A	ERP1	S000002129	GO:0006810	transport
YAR002W	NUP60	S000000063	GO:0006810	transport
YAR035W	YAT1	S000000080	GO:0006810	transport
YAR042W	SWH1	S000000081	GO:0006810	transport
YAL048C	GEM1	S000000046	GO:0006811	monoatomic ion transport
YAL010C	MDM10	S000000008	GO:0006869	lipid transport
YAL026C	DRS2	S000000024	GO:0006869	lipid transport
YAR035W	YAT1	S000000080	GO:0006869	lipid transport
YAR042W	SWH1	S000000081	GO:0006869	lipid transport
YAL030W	SNC1	S000000028	GO:0006887	exocytosis
YAR042W	SWH1	S000000081	GO:0006887	exocytosis
YAL026C	DRS2	S000000024	GO:0006897	endocytosis
YAL030W	SNC1	S000000028	GO:0006897	endocytosis
YAR042W	SWH1	S000000081	GO:0006897	endocytosis
YAL005C	SSA1	S000000004	GO:0006913	nucleocytoplasmic transport
YAL059W	ECM1	S000000055	GO:0006913	nucleocytoplasmic transport
YAR002W	NUP60	S000000063	GO:0006913	nucleocytoplasmic transport
YAL005C	SSA1	S000000004	GO:0006950	response to stress
YAL013W	DEP1	S000000011	GO:0006950	response to stress
YAL015C	NTG1	S000000013	GO:0006950	response to stress
YAL019W	FUN30	S000000017	GO:0006950	response to stress
YAL023C	PMT2	S000000021	GO:0006950	response to stress
YAL028W	FRT2	S000000026	GO:0006950	response to stress
YAL036C	RBG1	S000000034	GO:0006950	response to stress
YAL053W	FLC2	S000000049	GO:0006950	response to stress
YAL058W	CNE1	S000000054	GO:0006950	response to stress
YAR002W	NUP60	S000000063	GO:0006950	response to stress
YAR007C	RFA1	S000000065	GO:0006950	response to stress
YAL028W	FRT2	S000000026	GO:0006970	response to osmotic stress
YAL053W	FLC2	S000000049	GO:0006970	response to osmotic stress
YAL015C	NTG1	S000000013	GO:0006974	DNA damage response
YAL019W	FUN30	S000000017	GO:0006974	DNA damage response
YAR002W	NUP60	S000000063	GO:0006974	DNA damage response
YAR007C	RFA1	S000000065	GO:0006974	DNA damage response
YAL015C	NTG1	S000000013	GO:0006979	response to oxidative stress
YAL008W	FUN14	S000000006	GO:0007005	mitochondrion organization
YAL010C	MDM10	S000000008	GO:0007005	mitochondrion organization
YAL002W	VPS8	S000000002	GO:0007009	plasma membrane organization
YAL041W	CDC24	S000000039	GO:0007010	cytoskeleton organization
YAL047C	SPC72	S000000045	GO:0007010	cytoskeleton organization
YAR014C	BUD14	S000000069	GO:0007010	cytoskeleton organization
YAR019C	CDC15	S000000072	GO:0007010	cytoskeleton organization
YAL010C	MDM10	S000000008	GO:0007031	peroxisome organization
YAL040C	CLN3	S000000038	GO:0007033	vacuole organization
YAL002W	VPS8	S000000002	GO:0007034	vacuolar transport
YAL014C	SYN8	S000000012	GO:0007034	vacuolar transport
YAL031C	GIP4	S000000029	GO:0007059	chromosome segregation
YAL034W-A	MTW1	S000000032	GO:0007059	chromosome segregation
YAR018C	KIN3	S000000071	GO:0007059	chromosome segregation
YAL056W	GPB2	S000000052	GO:0007124	pseudohyphal growth
YAL063C	FLO9	S000000059	GO:0007155	cell adhesion
YAR050W	FLO1	S000000084	GO:0007155	cell adhesion
YAL016W	TPD3	S000000014	GO:0007165	signal transduction
YAL021C	CCR4	S000000019	GO:0007165	signal transduction
YAL024C	LTE1	S000000022	GO:0007165	signal transduction
YAL041W	CDC24	S000000039	GO:0007165	signal transduction
YAL047C	SPC72	S000000045	GO:0007165	signal transduction
YAL056W	GPB2	S000000052	GO:0007165	signal transduction
YAL020C	ATS1	S000000018	GO:0008033	tRNA processing
YAL033W	POP5	S000000031	GO:0008033	tRNA processing
YAL043C	PTA1	S000000041	GO:0008033	tRNA processing
YAL005C	SSA1	S000000004	GO:0009056	catabolic process
YAL009W	SPO7	S000000007	GO:0009056	catabolic process
YAL012W	CYS3	S000000010	GO:0009056	catabolic process
YAL021C	CCR4	S000000019	GO:0009056	catabolic process
YAL023C	PMT2	S000000021	GO:0009056	catabolic process
YAL033W	POP5	S000000031	GO:0009056	catabolic process
YAL038W	CDC19	S000000036	GO:0009056	catabolic process
YAL044C	GCV3	S000000042	GO:0009056	catabolic process
YAL054C	ACS1	S000000050	GO:0009056	catabolic process
YAL058W	CNE1	S000000054	GO:0009056	catabolic process
YAL060W	BDH1	S000000056	GO:0009056	catabolic process
YAR042W	SWH1	S000000081	GO:0009056	catabolic process
YAL001C	TFC3	S000000001	GO:0009058	biosynthetic process
YAL003W	EFB1	S000000003	GO:0009058	biosynthetic process
YAL005C	SSA1	S000000004	GO:0009058	biosynthetic process
YAL012W	CYS3	S000000010	GO:0009058	biosynthetic process
YAL021C	CCR4	S000000019	GO:0009058	biosynthetic process
YAL023C	PMT2	S000000021	GO:0009058	biosynthetic process
YAL036C	RBG1	S000000034	GO:0009058	biosynthetic process
YAL043C	PTA1	S000000041	GO:0009058	biosynthetic process
YAL053W	FLC2	S000000049	GO:0009058	biosynthetic process
YAL054C	ACS1	S000000050	GO:0009058	biosynthetic process
YAL060W	BDH1	S000000056	GO:0009058	biosynthetic process
YAL062W	GDH3	S000000058	GO:0009058	biosynthetic process
YAR007C	RFA1	S000000065	GO:0009058	biosynthetic process
YAR015W	ADE1	S000000070	GO:0009058	biosynthetic process
YAL005C	SSA1	S000000004	GO:0009408	response to heat
YAL013W	DEP1	S000000011	GO:0009408	response to heat
YAR002W	NUP60	S000000063	GO:0009408	response to heat
YAL020C	ATS1	S000000018	GO:0009451	RNA modification
YAL022C	FUN26	S000000020	GO:0015931	nucleobase-containing compound transport
YAL053W	FLC2	S000000049	GO:0015931	nucleobase-containing compound transport
YAR002W	NUP60	S000000063	GO:0015931	nucleobase-containing compound transport
YAL030W	SNC1	S000000028	GO:0016050	vesicle organization
YAR033W	MST28	S000000079	GO:0016050	vesicle organization
YAL002W	VPS8	S000000002	GO:0016192	vesicle-mediated transport
YAL007C	ERP2	S000000005	GO:0016192	vesicle-mediated transport
YAL014C	SYN8	S000000012	GO:0016192	vesicle-mediated transport
YAL024C	LTE1	S000000022	GO:0016192	vesicle-mediated transport
YAL026C	DRS2	S000000024	GO:0016192	vesicle-mediated transport
YAL030W	SNC1	S000000028	GO:0016192	vesicle-mediated transport
YAL042W	ERV46	S000000040	GO:0016192	vesicle-mediated transport
YAR002C-A	ERP1	S000002129	GO:0016192	vesicle-mediated transport
YAR042W	SWH1	S000000081	GO:0016192	vesicle-mediated transport
YAL002W	VPS8	S000000002	GO:0016197	endosomal transport
YAL026C	DRS2	S000000024	GO:0016197	endosomal transport
YAL010C	MDM10	S000000008	GO:0022607	cellular component assembly
YAL018C	LDS1	S000000016	GO:0022607	cellular component assembly
YAL019W	FUN30	S000000017	GO:0022607	cellular component assembly
YAL032C	PRP45	S000000030	GO:0022607	cellular component assembly
YAL035W	FUN12	S000000033	GO:0022607	cellular component assembly
YAL039C	CYC3	S000000037	GO:0022607	cellular component assembly
YAL044W-A	BOL1	S000007586	GO:0022607	cellular component assembly
YAR002W	NUP60	S000000063	GO:0022607	cellular component assembly
YAR003W	SWD1	S000000064	GO:0022607	cellular component assembly
YAR007C	RFA1	S000000065	GO:0022607	cellular component assembly
YAL032C	PRP45	S000000030	GO:0022618	protein-RNA complex assembly
YAL035W	FUN12	S000000033	GO:0022618	protein-RNA complex assembly
YAL005C	SSA1	S000000004	GO:0030163	protein catabolic process
YAL023C	PMT2	S000000021	GO:0030163	protein catabolic process
YAL058W	CNE1	S000000054	GO:0030163	protein catabolic process
YAR010C		S000000068	GO:0032196	transposition
YAR003W	SWD1	S000000064	GO:0032200	telomere organization
YAR007C	RFA1	S000000065	GO:0032200	telomere organization
YAL038W	CDC19	S000000036	GO:0032787	monocarboxylic acid metabolic process
YAL054C	ACS1	S000000050	GO:0032787	monocarboxylic acid metabolic process
YAL060W	BDH1	S000000056	GO:0032787	monocarboxylic acid metabolic process
YAL003W	EFB1	S000000003	GO:0033043	regulation of organelle organization
YAL015C	NTG1	S000000013	GO:0033043	regulation of organelle organization
YAL016W	TPD3	S000000014	GO:0033043	regulation of organelle organization
YAL048C	GEM1	S000000046	GO:0033043	regulation of organelle organization
YAR014C	BUD14	S000000069	GO:0033043	regulation of organelle organization
YAL021C	CCR4	S000000019	GO:0034655	nucleobase-containing compound catabolic process
YAL033W	POP5	S000000031	GO:0034655	nucleobase-containing compound catabolic process
YAL038W	CDC19	S000000036	GO:0034655	nucleobase-containing compound catabolic process
YAL056W	GPB2	S000000052	GO:0040007	growth
YAL015C	NTG1	S000000013	GO:0042221	response to chemical
YAL023C	PMT2	S000000021	GO:0042221	response to chemical
YAL028W	FRT2	S000000026	GO:0042221	response to chemical
YAL041W	CDC24	S000000039	GO:0042221	response to chemical
YAL051W	OAF1	S000000048	GO:0042221	response to chemical
YAL053W	FLC2	S000000049	GO:0042221	response to chemical
YAL058W	CNE1	S000000054	GO:0042221	response to chemical
YAR002W	NUP60	S000000063	GO:0042221	response to chemical
YAR028W	KTD1	S000000076	GO:0042221	response to chemical
YAL035W	FUN12	S000000033	GO:0042255	ribosome assembly
YAL025C	MAK16	S000000023	GO:0042273	ribosomal large subunit biogenesis
YAL008W	FUN14	S000000006	GO:0042592	homeostatic process
YAL048C	GEM1	S000000046	GO:0042592	homeostatic process
YAL053W	FLC2	S000000049	GO:0042592	homeostatic process
YAL036C	RBG1	S000000034	GO:0042594	response to starvation
YAL033W	POP5	S000000031	GO:0043144	sno(s)RNA processing
YAL056W	GPB2	S000000052	GO:0043934	sporulation
YAL068C	PAU8	S000002142	GO:0043934	sporulation
YAL012W	CYS3	S000000010	GO:0044281	small molecule metabolic process
YAL038W	CDC19	S000000036	GO:0044281	small molecule metabolic process
YAL044C	GCV3	S000000042	GO:0044281	small molecule metabolic process
YAL054C	ACS1	S000000050	GO:0044281	small molecule metabolic process
YAL060W	BDH1	S000000056	GO:0044281	small molecule metabolic process
YAL062W	GDH3	S000000058	GO:0044281	small molecule metabolic process
YAR015W	ADE1	S000000070	GO:0044281	small molecule metabolic process
YAL007C	ERP2	S000000005	GO:0048193	Golgi vesicle transport
YAL014C	SYN8	S000000012	GO:0048193	Golgi vesicle transport
YAL026C	DRS2	S000000024	GO:0048193	Golgi vesicle transport
YAL030W	SNC1	S000000028	GO:0048193	Golgi vesicle transport
YAL042W	ERV46	S000000040	GO:0048193	Golgi vesicle transport
YAR002C-A	ERP1	S000002129	GO:0048193	Golgi vesicle transport
YAL030W	SNC1	S000000028	GO:0048284	organelle fusion
YAL040C	CLN3	S000000038	GO:0048284	organelle fusion
YAL029C	MYO4	S000000027	GO:0048308	organelle inheritance
YAL048C	GEM1	S000000046	GO:0048308	organelle inheritance
YAL018C	LDS1	S000000016	GO:0048646	anatomical structure formation involved in morphogenesis
YAL056W	GPB2	S000000052	GO:0048646	anatomical structure formation involved in morphogenesis
YAL068C	PAU8	S000002142	GO:0048646	anatomical structure formation involved in morphogenesis
YAL056W	GPB2	S000000052	GO:0048856	anatomical structure development
YAL068C	PAU8	S000002142	GO:0048856	anatomical structure development
YAR014C	BUD14	S000000069	GO:0051049	regulation of transport
YAL013W	DEP1	S000000011	GO:0051052	regulation of DNA metabolic process
YAL015C	NTG1	S000000013	GO:0051052	regulation of DNA metabolic process
YAL005C	SSA1	S000000004	GO:0051169	nuclear transport
YAL059W	ECM1	S000000055	GO:0051169	nuclear transport
YAR002W	NUP60	S000000063	GO:0051169	nuclear transport
YAR002W	NUP60	S000000063	GO:0051276	chromosome organization
YAR003W	SWD1	S000000064	GO:0051276	chromosome organization
YAR007C	RFA1	S000000065	GO:0051276	chromosome organization
YAL039C	CYC3	S000000037	GO:0051604	protein maturation
YAL044C	GCV3	S000000042	GO:0051604	protein maturation
YAL044W-A	BOL1	S000007586	GO:0051604	protein maturation
YAL046C	BOL3	S000000044	GO:0051604	protein maturation
YAL016W	TPD3	S000000014	GO:0051726	regulation of cell cycle
YAL021C	CCR4	S000000019	GO:0051726	regulation of cell cycle
YAL024C	LTE1	S000000022	GO:0051726	regulation of cell cycle
YAL040C	CLN3	S000000038	GO:0051726	regulation of cell cycle
YAL041W	CDC24	S000000039	GO:0051726	regulation of cell cycle
YAL047C	SPC72	S000000045	GO:0051726	regulation of cell cycle
YAR014C	BUD14	S000000069	GO:0051726	regulation of cell cycle
YAR019C	CDC15	S000000072	GO:0051726	regulation of cell cycle
YAL005C	SSA1	S000000004	GO:0055085	transmembrane transport
YAL022C	FUN26	S000000020	GO:0055085	transmembrane transport
YAL028W	FRT2	S000000026	GO:0055085	transmembrane transport
YAL053W	FLC2	S000000049	GO:0055085	transmembrane transport
YAL067C	SEO1	S000000062	GO:0055085	transmembrane transport
YAR035W	YAT1	S000000080	GO:0055085	transmembrane transport
YAL038W	CDC19	S000000036	GO:0055086	nucleobase-containing small molecule metabolic process
YAL054C	ACS1	S000000050	GO:0055086	nucleobase-containing small molecule metabolic process
YAR015W	ADE1	S000000070	GO:0055086	nucleobase-containing small molecule metabolic process
YAL002W	VPS8	S000000002	GO:0061024	membrane organization
YAL009W	SPO7	S000000007	GO:0061024	membrane organization
YAL010C	MDM10	S000000008	GO:0061024	membrane organization
YAL026C	DRS2	S000000024	GO:0061024	membrane organization
YAL030W	SNC1	S000000028	GO:0061024	membrane organization
YAL030W	SNC1	S000000028	GO:0061025	membrane fusion
YAL010C	MDM10	S000000008	GO:0065003	protein-containing complex assembly
YAL032C	PRP45	S000000030	GO:0065003	protein-containing complex assembly
YAL035W	FUN12	S000000033	GO:0065003	protein-containing complex assembly
YAL039C	CYC3	S000000037	GO:0065003	protein-containing complex assembly
YAR007C	RFA1	S000000065	GO:0065003	protein-containing complex assembly
YAL005C	SSA1	S000000004	GO:0070647	protein modification by small protein conjugation or removal
YAR007C	RFA1	S000000065	GO:0070647	protein modification by small protein conjugation or removal
YAL035W	FUN12	S000000033	GO:0070925	organelle assembly
YAL018C	LDS1	S000000016	GO:0071554	cell wall organization or biogenesis
YAL053W	FLC2	S000000049	GO:0071554	cell wall organization or biogenesis
